{
  "created_at": "2026-05-06T23:54:46.836003+00:00",
  "host": "haxlysui-MacBookPro.local",
  "runtime": "mlx_vlm",
  "prompt": "Write a concise technical explanation of speculative decoding for local LLM inference. Include why it can improve tokens per second and one caveat. Continue until the answer is complete.",
  "max_tokens": [
    128,
    512
  ],
  "trials": 2,
  "temperature": 0.0,
  "targets": [
    {
      "target_label": "26B-A4B-4bit",
      "target_model": "/Users/haxlys/models/huggingface/hub/models--lmstudio-community--gemma-4-26B-A4B-it-MLX-4bit/snapshots/3af5252ed1e675e6bba9be8cc3087bc00920799c",
      "draft_block_size": 6,
      "results": [
        {
          "max_tokens": 128,
          "baseline": {
            "label": "26B-A4B-4bit-baseline",
            "trials": 2,
            "generation_tps": [
              122.84718998237929,
              122.7338534017856
            ],
            "generation_tps_mean": 122.79052169208245,
            "prompt_tps_mean": 512.8461606870585,
            "tokens": [
              128,
              128
            ],
            "wall_seconds": [
              1.1236638750415295,
              1.1248600829858333
            ],
            "wall_seconds_mean": 1.1242619790136814,
            "peak_memory_gb_max": 15.707413187,
            "raw_trials": [
              {
                "tokens": 128,
                "generation_tps": 122.84718998237929,
                "prompt_tps": 513.200329249476,
                "wall_seconds": 1.1236638750415295,
                "peak_memory_gb": 15.707393987
              },
              {
                "tokens": 128,
                "generation_tps": 122.7338534017856,
                "prompt_tps": 512.491992124641,
                "wall_seconds": 1.1248600829858333,
                "peak_memory_gb": 15.707413187
              }
            ]
          },
          "drafters": [
            {
              "label": "google/gemma-4-26B-A4B-it-assistant",
              "trials": 2,
              "generation_tps": [
                180.19049496633087,
                181.321971587102
              ],
              "generation_tps_mean": 180.75623327671644,
              "prompt_tps_mean": 568.2924618449426,
              "tokens": [
                128,
                128
              ],
              "wall_seconds": [
                0.7885531251085922,
                0.7842225000495091
              ],
              "wall_seconds_mean": 0.7863878125790507,
              "peak_memory_gb_max": 16.549372629,
              "raw_trials": [
                {
                  "tokens": 128,
                  "generation_tps": 180.19049496633087,
                  "prompt_tps": 568.590139367204,
                  "wall_seconds": 0.7885531251085922,
                  "peak_memory_gb": 16.548487893
                },
                {
                  "tokens": 128,
                  "generation_tps": 181.321971587102,
                  "prompt_tps": 567.9947843226812,
                  "wall_seconds": 0.7842225000495091,
                  "peak_memory_gb": 16.549372629
                }
              ],
              "accepted_tokens_per_round_mean": 4.12,
              "accepted_rounds": 25,
              "speedup_vs_baseline": 1.472069918637471
            },
            {
              "label": "mlx-community/gemma-4-26B-A4B-it-assistant-bf16",
              "trials": 2,
              "generation_tps": [
                181.80702340195438,
                182.1697557052683
              ],
              "generation_tps_mean": 181.98838955361134,
              "prompt_tps_mean": 569.7363425006188,
              "tokens": [
                128,
                128
              ],
              "wall_seconds": [
                0.7820847909897566,
                0.7810012080008164
              ],
              "wall_seconds_mean": 0.7815429994952865,
              "peak_memory_gb_max": 16.549372662,
              "raw_trials": [
                {
                  "tokens": 128,
                  "generation_tps": 181.80702340195438,
                  "prompt_tps": 568.5701254574267,
                  "wall_seconds": 0.7820847909897566,
                  "peak_memory_gb": 16.548487893
                },
                {
                  "tokens": 128,
                  "generation_tps": 182.1697557052683,
                  "prompt_tps": 570.902559543811,
                  "wall_seconds": 0.7810012080008164,
                  "peak_memory_gb": 16.549372662
                }
              ],
              "accepted_tokens_per_round_mean": 4.12,
              "accepted_rounds": 25,
              "speedup_vs_baseline": 1.4821045390618777
            }
          ]
        },
        {
          "max_tokens": 512,
          "baseline": {
            "label": "26B-A4B-4bit-baseline",
            "trials": 2,
            "generation_tps": [
              120.37000847305663,
              119.58065610413605
            ],
            "generation_tps_mean": 119.97533228859635,
            "prompt_tps_mean": 508.726989223155,
            "tokens": [
              512,
              512
            ],
            "wall_seconds": [
              4.336799000040628,
              4.364628334064037
            ],
            "wall_seconds_mean": 4.350713667052332,
            "peak_memory_gb_max": 15.759171368,
            "raw_trials": [
              {
                "tokens": 512,
                "generation_tps": 120.37000847305663,
                "prompt_tps": 511.69038121711054,
                "wall_seconds": 4.336799000040628,
                "peak_memory_gb": 15.759171368
              },
              {
                "tokens": 512,
                "generation_tps": 119.58065610413605,
                "prompt_tps": 505.76359722919943,
                "wall_seconds": 4.364628334064037,
                "peak_memory_gb": 15.759171112
              }
            ]
          },
          "drafters": [
            {
              "label": "google/gemma-4-26B-A4B-it-assistant",
              "trials": 2,
              "generation_tps": [
                198.96468415014448,
                196.48411440822713
              ],
              "generation_tps_mean": 197.7243992791858,
              "prompt_tps_mean": 567.7980229479313,
              "tokens": [
                512,
                512
              ],
              "wall_seconds": [
                2.6671212919754907,
                2.704297750024125
              ],
              "wall_seconds_mean": 2.685709520999808,
              "peak_memory_gb_max": 16.631711044,
              "raw_trials": [
                {
                  "tokens": 512,
                  "generation_tps": 198.96468415014448,
                  "prompt_tps": 568.3457272241054,
                  "wall_seconds": 2.6671212919754907,
                  "peak_memory_gb": 16.631711044
                },
                {
                  "tokens": 512,
                  "generation_tps": 196.48411440822713,
                  "prompt_tps": 567.250318671757,
                  "wall_seconds": 2.704297750024125,
                  "peak_memory_gb": 16.631709508
                }
              ],
              "accepted_tokens_per_round_mean": 4.752808988764045,
              "accepted_rounds": 89,
              "speedup_vs_baseline": 1.6480421058852903
            },
            {
              "label": "mlx-community/gemma-4-26B-A4B-it-assistant-bf16",
              "trials": 2,
              "generation_tps": [
                194.2699901703945,
                194.79291644288963
              ],
              "generation_tps_mean": 194.53145330664205,
              "prompt_tps_mean": 567.6649132653534,
              "tokens": [
                512,
                512
              ],
              "wall_seconds": [
                2.7312344580423087,
                2.725237917038612
              ],