{
  "created_at": "2026-05-06T22:45:11.772596+00:00",
  "host": "haxlysui-MacBookPro.local",
  "runtime": "mlx_vlm",
  "prompt": "Write a concise technical explanation of speculative decoding for local LLM inference. Include why it can improve tokens per second and one caveat. Continue until the answer is complete.",
  "max_tokens": [
    128,
    512
  ],
  "trials": 2,
  "temperature": 0.0,
  "targets": [
    {
      "target_label": "26B-A4B-4bit",
      "target_model": "/Users/haxlys/models/huggingface/hub/models--lmstudio-community--gemma-4-26B-A4B-it-MLX-4bit/snapshots/3af5252ed1e675e6bba9be8cc3087bc00920799c",
      "draft_block_size": 6,
      "results": [
        {
          "max_tokens": 128,
          "baseline": {
            "label": "26B-A4B-4bit-baseline",
            "trials": 2,
            "generation_tps": [
              110.27073155897277,
              100.24555265222341
            ],
            "generation_tps_mean": 105.2581421055981,
            "prompt_tps_mean": 481.25759396218734,
            "tokens": [
              128,
              128
            ],
            "wall_seconds": [
              1.2492056250339374,
              1.3644194169901311
            ],
            "wall_seconds_mean": 1.3068125210120343,
            "peak_memory_gb_max": 15.707393987,
            "raw_trials": [
              {
                "tokens": 128,
                "generation_tps": 110.27073155897277,
                "prompt_tps": 480.1519027016448,
                "wall_seconds": 1.2492056250339374,
                "peak_memory_gb": 15.707393987
              },
              {
                "tokens": 128,
                "generation_tps": 100.24555265222341,
                "prompt_tps": 482.3632852227298,
                "wall_seconds": 1.3644194169901311,
                "peak_memory_gb": 15.707393987
              }
            ]
          },
          "drafters": [
            {
              "label": "google/gemma-4-26B-A4B-it-assistant",
              "trials": 2,
              "generation_tps": [
                168.5561470569798,
                168.37394669070002
              ],
              "generation_tps_mean": 168.46504687383992,
              "prompt_tps_mean": 526.6949531847763,
              "tokens": [
                128,
                128
              ],
              "wall_seconds": [
                0.8428578750463203,
                0.8454030409920961
              ],
              "wall_seconds_mean": 0.8441304580192082,
              "peak_memory_gb_max": 16.549389013,
              "raw_trials": [
                {
                  "tokens": 128,
                  "generation_tps": 168.5561470569798,
                  "prompt_tps": 532.1579328738678,
                  "wall_seconds": 0.8428578750463203,
                  "peak_memory_gb": 16.548487893
                },
                {
                  "tokens": 128,
                  "generation_tps": 168.37394669070002,
                  "prompt_tps": 521.2319734956847,
                  "wall_seconds": 0.8454030409920961,
                  "peak_memory_gb": 16.549389013
                }
              ],
              "accepted_tokens_per_round_mean": 4.12,
              "accepted_rounds": 25,
              "speedup_vs_baseline": 1.6004942088454381
            },
            {
              "label": "mlx-community/gemma-4-26B-A4B-it-assistant-bf16",
              "trials": 2,
              "generation_tps": [
                156.4705461080406,
                153.36823760307772
              ],
              "generation_tps_mean": 154.91939185555916,
              "prompt_tps_mean": 504.4975629158621,
              "tokens": [
                128,
                128
              ],
              "wall_seconds": [
                0.9026242920663208,
                0.9318377079907805
              ],
              "wall_seconds_mean": 0.9172310000285506,
              "peak_memory_gb_max": 16.549391829,
              "raw_trials": [
                {
                  "tokens": 128,
                  "generation_tps": 156.4705461080406,
                  "prompt_tps": 536.2848887192342,
                  "wall_seconds": 0.9026242920663208,
                  "peak_memory_gb": 16.548487893
                },
                {
                  "tokens": 128,
                  "generation_tps": 153.36823760307772,
                  "prompt_tps": 472.71023711249,
                  "wall_seconds": 0.9318377079907805,
                  "peak_memory_gb": 16.549391829
                }
              ],
              "accepted_tokens_per_round_mean": 4.12,
              "accepted_rounds": 25,
              "speedup_vs_baseline": 1.4718043541006016
            }
          ]
        },
        {
          "max_tokens": 512,
          "baseline": {
            "label": "26B-A4B-4bit-baseline",
            "trials": 2,
            "generation_tps": [
              101.704520770811,
              106.10568902756094
            ],
            "generation_tps_mean": 103.90510489918597,
            "prompt_tps_mean": 420.5432596759068,
            "tokens": [
              512,
              512
            ],
            "wall_seconds": [
              5.1366292499005795,
              4.922677333001047
            ],
            "wall_seconds_mean": 5.029653291450813,
            "peak_memory_gb_max": 15.759171102,
            "raw_trials": [
              {
                "tokens": 512,
                "generation_tps": 101.704520770811,
                "prompt_tps": 416.8572422129825,
                "wall_seconds": 5.1366292499005795,
                "peak_memory_gb": 15.75440449
              },
              {
                "tokens": 512,
                "generation_tps": 106.10568902756094,
                "prompt_tps": 424.2292771388312,
                "wall_seconds": 4.922677333001047,
                "peak_memory_gb": 15.759171102
              }
            ]
          },
          "drafters": [
            {
              "label": "google/gemma-4-26B-A4B-it-assistant",
              "trials": 2,
              "generation_tps": [
                175.52761884049022,
                184.4469410429256
              ],
              "generation_tps_mean": 179.98727994170792,
              "prompt_tps_mean": 530.5341025469725,
              "tokens": [
                512,
                512
              ],
              "wall_seconds": [
                3.0164861669763923,
                2.8786348750581965
              ],
              "wall_seconds_mean": 2.9475605210172944,
              "peak_memory_gb_max": 16.631709508,
              "raw_trials": [
                {
                  "tokens": 512,
                  "generation_tps": 175.52761884049022,
                  "prompt_tps": 531.8191767485647,
                  "wall_seconds": 3.0164861669763923,
                  "peak_memory_gb": 16.631709508
                },
                {
                  "tokens": 512,
                  "generation_tps": 184.4469410429256,
                  "prompt_tps": 529.2490283453801,
                  "wall_seconds": 2.8786348750581965,
                  "peak_memory_gb": 16.631709508
                }
              ],
              "accepted_tokens_per_round_mean": 4.752808988764045,
              "accepted_rounds": 89,
              "speedup_vs_baseline": 1.7322274985078043
            },
            {
              "label": "mlx-community/gemma-4-26B-A4B-it-assistant-bf16",
              "trials": 2,
              "generation_tps": [
                179.0680235092645,
                173.1565228066955
              ],
              "generation_tps_mean": 176.11227315797998,
              "prompt_tps_mean": 502.9895813154905,
              "tokens": [
                512,
                512
              ],
              "wall_seconds": [
                2.96588554198388,
                3.056652250001207
              ],